{"val_loss": 0.06270961463451385, "val_accuracy": 0.992905855178833, "accuracy": 0.9929058663028649, "precision": 0.9930061719399867, "recall": 0.9929667798486778, "f1_score": 0.992946698097743, "train_time_sec": 234.94536781311035, "val_time_sec": 0.5428609848022461}