{"dense_neurons": 162, "dropout": 0.27053612276029293, "filters": 19, "kernel_size": 3, "l2_reg": 0.004269113634723715}