{"accuracy": [0.8277838230133057, 0.9437772631645203, 0.9618586301803589, 0.9671124219894409, 0.9705922603607178, 0.9756413698196411, 0.9757778644561768, 0.9766648411750793, 0.9757778644561768, 0.9800764322280884, 0.9800764322280884, 0.9761189818382263, 0.9815775156021118, 0.9805540442466736, 0.9798035025596619, 0.980963408946991, 0.9806222915649414, 0.9830103516578674, 0.9836927056312561, 0.9822598099708557, 0.9811681509017944, 0.982055127620697, 0.9888100624084473, 0.990106463432312, 0.9889464974403381, 0.9902428984642029, 0.9909251928329468, 0.9912663698196411, 0.9898335337638855, 0.989560604095459, 0.9899699687957764, 0.9931768774986267, 0.994746208190918, 0.9950873255729675, 0.9956331849098206, 0.994268536567688, 0.9958378672599792, 0.9942003488540649, 0.9969978332519531, 0.9970660209655762, 0.9973389506340027, 0.9962472915649414, 0.9977483749389648, 0.9966566562652588, 0.9962472915649414, 0.9961790442466736, 0.9974754452705383, 0.9972707629203796, 0.9985671639442444, 0.9981577396392822], "loss": [1.7577612400054932, 0.8105002045631409, 0.4944485127925873, 0.39823731780052185, 0.35184457898139954, 0.3081022799015045, 0.293120801448822, 0.2980179190635681, 0.29179075360298157, 0.25700682401657104, 0.25992047786712646, 0.2964636981487274, 0.2468566596508026, 0.2552231550216675, 0.23766008019447327, 0.2400750368833542, 0.2631871998310089, 0.22679772973060608, 0.22030825912952423, 0.22196178138256073, 0.24323906004428864, 0.22183334827423096, 0.1735604703426361, 0.12265175580978394, 0.13059401512145996, 0.1173565536737442, 0.1307171881198883, 0.12665896117687225, 0.12164347618818283, 0.12185271084308624, 0.12575063109397888, 0.10498218983411789, 0.08190260082483292, 0.07617292553186417, 0.07212577015161514, 0.07221189141273499, 0.07037495821714401, 0.07545129954814911, 0.06147069111466408, 0.055346567183732986, 0.051305320113897324, 0.049189768731594086, 0.04584158584475517, 0.04571543633937836, 0.04921269044280052, 0.04827668145298958, 0.042996615171432495, 0.04011140391230583, 0.03733695670962334, 0.03690394014120102], "val_accuracy": [0.14924965798854828, 0.13778990507125854, 0.13615280389785767, 0.16261936724185944, 0.33997270464897156, 0.5768076181411743, 0.7088676691055298, 0.8428376317024231, 0.8141882419586182, 0.8043656349182129, 0.948431134223938, 0.9236016273498535, 0.9296043515205383, 0.9697135090827942, 0.9705320596694946, 0.9637107849121094, 0.9759891033172607, 0.9407912492752075, 0.8815825581550598, 0.8922237157821655, 0.9552524089813232, 0.75716233253479, 0.9260572791099548, 0.8188267350196838, 0.9375170469284058, 0.9773533344268799, 0.9667121171951294, 0.8521146178245544, 0.9042292237281799, 0.9126875996589661, 0.9525238871574402, 0.9631651043891907, 0.992633044719696, 0.9869031310081482, 0.9907230734825134, 0.968622088432312, 0.9860845804214478, 0.9890859723091125, 0.9904502034187317, 0.9896316528320312, 0.992905855178833, 0.9885402321815491, 0.992633044719696, 0.9874488115310669, 0.9833560585975647, 0.9817189574241638, 0.9882674217224121, 0.9915416240692139, 0.9803547263145447, 0.9743520021438599], "val_loss": [5.892334938049316, 8.605674743652344, 9.777371406555176, 8.871901512145996, 5.302923679351807, 3.2244715690612793, 2.1504411697387695, 0.7927602529525757, 0.9805209040641785, 1.0892975330352783, 0.3746107518672943, 0.43048542737960815, 0.40917155146598816, 0.2908790409564972, 0.2579270303249359, 0.3241811692714691, 0.23999181389808655, 0.34157708287239075, 0.5309646129608154, 0.4942382574081421, 0.28763070702552795, 1.290547490119934, 0.3120879530906677, 0.8593255281448364, 0.29148173332214355, 0.16619281470775604, 0.18643657863140106, 0.6913314461708069, 0.44835713505744934, 0.44322502613067627, 0.2082754671573639, 0.18785902857780457, 0.0922333374619484, 0.09841514378786087, 0.08203814178705215, 0.16278456151485443, 0.0976947471499443, 0.08361981809139252, 0.0733991339802742, 0.06926435977220535, 0.06270962208509445, 0.07172191888093948, 0.059954047203063965, 0.06855316460132599, 0.0825544148683548, 0.08648037165403366, 0.06538498401641846, 0.057140547782182693, 0.08671246469020844, 0.10351766645908356], "learning_rate": [0.0010000000474974513, 0.0010000000474974513, 0.0010000000474974513, 0.0010000000474974513, 0.0010000000474974513, 0.0010000000474974513, 0.0010000000474974513, 0.0010000000474974513, 0.0010000000474974513, 0.0010000000474974513, 0.0010000000474974513, 0.0010000000474974513, 0.0010000000474974513, 0.0010000000474974513, 0.0010000000474974513, 0.0010000000474974513, 0.0010000000474974513, 0.0010000000474974513, 0.0010000000474974513, 0.0010000000474974513, 0.0010000000474974513, 0.0010000000474974513, 0.0005000000237487257, 0.0005000000237487257, 0.0005000000237487257, 0.0005000000237487257, 0.0005000000237487257, 0.0005000000237487257, 0.0005000000237487257, 0.0005000000237487257, 0.0005000000237487257, 0.0002500000118743628, 0.0002500000118743628, 0.0002500000118743628, 0.0002500000118743628, 0.0002500000118743628, 0.0002500000118743628, 0.0002500000118743628, 0.0001250000059371814, 0.0001250000059371814, 0.0001250000059371814, 0.0001250000059371814, 0.0001250000059371814, 0.0001250000059371814, 0.0001250000059371814, 0.0001250000059371814, 6.25000029685907e-05, 6.25000029685907e-05, 6.25000029685907e-05, 6.25000029685907e-05]}