{"dropout": 0.3832290311184182, "l2_reg": 0.00030378649352844425, "neurons": 994.1505733446984}