{"accuracy": [0.750166654586792, 0.8884999752044678, 0.9161944389343262, 0.9294999837875366, 0.9355833530426025, 0.9459444284439087, 0.9477221965789795, 0.9497500061988831, 0.9538611173629761, 0.9577500224113464, 0.9601666927337646, 0.9605833292007446, 0.9636944532394409, 0.9658055305480957, 0.9645833373069763, 0.9654722213745117, 0.9641944169998169, 0.9691944718360901, 0.9681944251060486, 0.9695000052452087, 0.9705833196640015, 0.9708055257797241, 0.9734722375869751, 0.9737777709960938, 0.9740833044052124, 0.9733333587646484, 0.9729722142219543, 0.9746666550636292, 0.9730555415153503, 0.9756388664245605, 0.9743333458900452, 0.9735277891159058, 0.9758889079093933, 0.9736944437026978, 0.9718888998031616, 0.9723610877990723, 0.9786944389343262, 0.9791111350059509, 0.9779999852180481, 0.9781110882759094, 0.9751666784286499, 0.9770277738571167, 0.9764444231987, 0.9800277948379517, 0.979972243309021, 0.9788888692855835, 0.9799444675445557, 0.977222204208374, 0.9788888692855835, 0.9794722199440002], "loss": [1.1119253635406494, 0.6960205435752869, 0.6065512299537659, 0.5497835278511047, 0.5161998271942139, 0.47334814071655273, 0.4459090530872345, 0.4253496527671814, 0.3968346118927002, 0.36883407831192017, 0.3455168604850769, 0.33275318145751953, 0.31036144495010376, 0.2915783226490021, 0.2842552363872528, 0.2714677155017853, 0.26514363288879395, 0.24495303630828857, 0.23589135706424713, 0.22705219686031342, 0.21993722021579742, 0.21287891268730164, 0.19903916120529175, 0.19273054599761963, 0.18607299029827118, 0.18393132090568542, 0.1827857345342636, 0.17488300800323486, 0.1737583428621292, 0.16355085372924805, 0.16851580142974854, 0.1668962985277176, 0.16169282793998718, 0.16726945340633392, 0.1757027953863144, 0.17107835412025452, 0.15422506630420685, 0.14885203540325165, 0.14833885431289673, 0.14523282647132874, 0.1523161232471466, 0.1474841982126236, 0.14881159365177155, 0.14022301137447357, 0.13753022253513336, 0.13650642335414886, 0.13463126122951508, 0.14514434337615967, 0.14017140865325928, 0.14046040177345276], "val_accuracy": [0.3704444468021393, 0.5378888845443726, 0.7134444713592529, 0.8564444184303284, 0.8788889050483704, 0.8986666798591614, 0.940666675567627, 0.9546666741371155, 0.9546666741371155, 0.9505555629730225, 0.9606666564941406, 0.9660000205039978, 0.9708889126777649, 0.9693333506584167, 0.964888870716095, 0.9696666598320007, 0.972777783870697, 0.971666693687439, 0.9636666774749756, 0.9717777967453003, 0.9710000157356262, 0.9723333120346069, 0.9750000238418579, 0.9714444279670715, 0.9715555310249329, 0.9751111268997192, 0.9754444360733032, 0.9747777581214905, 0.97688889503479, 0.971666693687439, 0.9714444279670715, 0.97688889503479, 0.9752222299575806, 0.9633333086967468, 0.9626666903495789, 0.9791111350059509, 0.9764444231987, 0.9728888869285583, 0.9735555648803711, 0.9791111350059509, 0.9738888740539551, 0.9723333120346069, 0.9738888740539551, 0.9801111221313477, 0.975777804851532, 0.9767777919769287, 0.9797777533531189, 0.975777804851532, 0.9781110882759094, 0.9791111350059509], "val_loss": [2.033262014389038, 1.4551341533660889, 1.0691542625427246, 0.7665503621101379, 0.6726270914077759, 0.5902025103569031, 0.4530718922615051, 0.4089169204235077, 0.3895210921764374, 0.3759133815765381, 0.3420172929763794, 0.31227245926856995, 0.2909144461154938, 0.2797621190547943, 0.2785241901874542, 0.2577906847000122, 0.2439713329076767, 0.2296585589647293, 0.24259385466575623, 0.21633808314800262, 0.2186841070652008, 0.20900169014930725, 0.19808682799339294, 0.1944296956062317, 0.1919557899236679, 0.18285417556762695, 0.17329855263233185, 0.17729368805885315, 0.1677180379629135, 0.1759917140007019, 0.1759163737297058, 0.1656152456998825, 0.1565510630607605, 0.18758268654346466, 0.19767993688583374, 0.15838705003261566, 0.16159626841545105, 0.16778932511806488, 0.15733052790164948, 0.14831314980983734, 0.1612040102481842, 0.15759266912937164, 0.1576608121395111, 0.1386573165655136, 0.1453840732574463, 0.14592887461185455, 0.14035768806934357, 0.14827702939510345, 0.1416771560907364, 0.14378944039344788]}