{"val_loss": 0.14378947019577026, "val_accuracy": 0.9791111350059509, "accuracy": 0.9791111111111112, "precision": 0.9791834664132308, "recall": 0.9791111111111113, "f1_score": 0.9791139665325601, "train_time_sec": 63.84544396400452, "val_time_sec": 0.3576359748840332}